id,price,qty,quoteQty,time,isBuyerMaker,isBestMatch
5146890901,121977.95,5e-05,6.0988975,2025-08-11 07:25:31.805,False,True
5146890902,121977.95,5e-05,6.0988975,2025-08-11 07:25:31.805,False,True
5146890903,121977.95,5e-05,6.0988975,2025-08-11 07:25:31.805,False,True
5146890904,121977.95,0.0001,12.197795,2025-08-11 07:25:31.808,False,True
5146890905,121977.95,0.0001,12.197795,2025-08-11 07:25:31.808,False,True
5146890906,121977.95,0.0001,12.197795,2025-08-11 07:25:31.808,False,True
5146890907,121977.96,0.0001,12.197796,2025-08-11 07:25:31.808,False,True
5146890908,121977.99,5e-05,6.0988995,2025-08-11 07:25:31.808,False,True
5146890909,121977.99,5e-05,6.0988995,2025-08-11 07:25:31.808,False,True
5146890910,121977.99,5e-05,6.0988995,2025-08-11 07:25:31.808,False,True
5146890911,121977.99,5e-05,6.0988995,2025-08-11 07:25:31.808,False,True
5146890912,121978.0,5e-05,6.0989,2025-08-11 07:25:31.808,False,True
5146890913,121978.0,5e-05,6.0989,2025-08-11 07:25:31.808,False,True
5146890914,121978.0,5e-05,6.0989,2025-08-11 07:25:31.808,False,True
5146890915,121978.0,5e-05,6.0989,2025-08-11 07:25:31.808,False,True
5146890916,121978.0,5e-05,6.0989,2025-08-11 07:25:31.808,False,True
5146890917,121978.0,5e-05,6.0989,2025-08-11 07:25:31.808,False,True
5146890918,121978.0,5e-05,6.0989,2025-08-11 07:25:31.808,False,True
5146890919,121978.0,5e-05,6.0989,2025-08-11 07:25:31.808,False,True
5146890920,121977.99,0.00014,17.0769186,2025-08-11 07:25:31.809,True,True
5146890921,121978.64,0.00819,999.0050616,2025-08-11 07:25:31.810,False,True
5146890922,121978.64,5e-05,6.098932,2025-08-11 07:25:31.810,False,True
5146890923,121978.64,5e-05,6.098932,2025-08-11 07:25:31.810,False,True
5146890924,121978.64,5e-05,6.098932,2025-08-11 07:25:31.810,False,True
5146890925,121979.37,5e-05,6.0989685,2025-08-11 07:25:31.810,False,True
5146890926,121979.37,5e-05,6.0989685,2025-08-11 07:25:31.810,False,True
5146890927,121979.37,5e-05,6.0989685,2025-08-11 07:25:31.810,False,True
5146890928,121979.37,5e-05,6.0989685,2025-08-11 07:25:31.810,False,True
5146890929,121979.37,5e-05,6.0989685,2025-08-11 07:25:31.810,False,True
5146890930,121979.37,5e-05,6.0989685,2025-08-11 07:25:31.810,False,True
5146890931,121979.37,5e-05,6.0989685,2025-08-11 07:25:31.810,False,True
5146890932,121979.37,5e-05,6.0989685,2025-08-11 07:25:31.810,False,True
5146890933,121979.37,5e-05,6.0989685,2025-08-11 07:25:31.810,False,True
5146890934,121979.37,5e-05,6.0989685,2025-08-11 07:25:31.810,False,True
5146890935,121979.37,5e-05,6.0989685,2025-08-11 07:25:31.810,False,True
5146890936,121979.38,5e-05,6.098969,2025-08-11 07:25:31.810,False,True
5146890937,121979.38,5e-05,6.098969,2025-08-11 07:25:31.810,False,True
5146890938,121979.38,5e-05,6.098969,2025-08-11 07:25:31.810,False,True
5146890939,121979.38,5e-05,6.098969,2025-08-11 07:25:31.810,False,True
5146890940,121979.38,5e-05,6.098969,2025-08-11 07:25:31.810,False,True
5146890941,121979.38,5e-05,6.098969,2025-08-11 07:25:31.810,False,True
5146890942,121979.38,5e-05,6.098969,2025-08-11 07:25:31.810,False,True
5146890943,121979.38,5e-05,6.098969,2025-08-11 07:25:31.810,False,True
5146890944,121979.38,5e-05,6.098969,2025-08-11 07:25:31.810,False,True
5146890945,121979.38,5e-05,6.098969,2025-08-11 07:25:31.810,False,True
5146890946,121979.38,5e-05,6.098969,2025-08-11 07:25:31.810,False,True
5146890947,121979.38,5e-05,6.098969,2025-08-11 07:25:31.810,False,True
5146890948,121979.38,5e-05,6.098969,2025-08-11 07:25:31.810,False,True
5146890949,121979.43,5e-05,6.0989715,2025-08-11 07:25:31.810,False,True
5146890950,121979.43,5e-05,6.0989715,2025-08-11 07:25:31.810,False,True
5146890951,121979.43,5e-05,6.0989715,2025-08-11 07:25:31.810,False,True
5146890952,121979.44,0.04999,6097.7522056,2025-08-11 07:25:31.810,False,True
5146890953,121979.44,5e-05,6.098972,2025-08-11 07:25:31.810,False,True
5146890954,121979.44,5e-05,6.098972,2025-08-11 07:25:31.810,False,True
5146890955,121979.44,5e-05,6.098972,2025-08-11 07:25:31.810,False,True
5146890956,121979.44,5e-05,6.098972,2025-08-11 07:25:31.810,False,True
5146890957,121979.44,5e-05,6.098972,2025-08-11 07:25:31.810,False,True
5146890958,121979.99,5e-05,6.0989995,2025-08-11 07:25:31.812,False,True
5146890959,121979.99,5e-05,6.0989995,2025-08-11 07:25:31.812,False,True
5146890960,121979.99,5e-05,6.0989995,2025-08-11 07:25:31.812,False,True
5146890961,121979.99,5e-05,6.0989995,2025-08-11 07:25:31.812,False,True
5146890962,121979.99,5e-05,6.0989995,2025-08-11 07:25:31.812,False,True
5146890963,121979.99,5e-05,6.0989995,2025-08-11 07:25:31.812,False,True
5146890964,121980.0,5e-05,6.099,2025-08-11 07:25:31.812,False,True
5146890965,121980.0,0.0001,12.198,2025-08-11 07:25:31.812,False,True
5146890966,121980.0,5e-05,6.099,2025-08-11 07:25:31.812,False,True
5146890967,121980.0,5e-05,6.099,2025-08-11 07:25:31.812,False,True
5146890968,121980.0,5e-05,6.099,2025-08-11 07:25:31.812,False,True
5146890969,121980.0,5e-05,6.099,2025-08-11 07:25:31.812,False,True
5146890970,121980.0,5e-05,6.099,2025-08-11 07:25:31.812,False,True
5146890971,121980.0,5e-05,6.099,2025-08-11 07:25:31.812,False,True
5146890972,121980.0,5e-05,6.099,2025-08-11 07:25:31.812,False,True
5146890973,121980.0,5e-05,6.099,2025-08-11 07:25:31.812,False,True
5146890974,121980.0,5e-05,6.099,2025-08-11 07:25:31.812,False,True
5146890975,121980.01,5e-05,6.0990005,2025-08-11 07:25:31.812,False,True
5146890976,121980.01,5e-05,6.0990005,2025-08-11 07:25:31.812,False,True
5146890977,121980.01,5e-05,6.0990005,2025-08-11 07:25:31.812,False,True
5146890978,121980.01,5e-05,6.0990005,2025-08-11 07:25:31.812,False,True
5146890979,121980.01,5e-05,6.0990005,2025-08-11 07:25:31.812,False,True
5146890980,121980.01,5e-05,6.0990005,2025-08-11 07:25:31.812,False,True
5146890981,121980.01,5e-05,6.0990005,2025-08-11 07:25:31.812,False,True
5146890982,121980.01,5e-05,6.0990005,2025-08-11 07:25:31.812,False,True
5146890983,121980.01,5e-05,6.0990005,2025-08-11 07:25:31.812,False,True
5146890984,121980.01,5e-05,6.0990005,2025-08-11 07:25:31.812,False,True
5146890985,121980.09,5e-05,6.0990045,2025-08-11 07:25:31.812,False,True
5146890986,121980.09,5e-05,6.0990045,2025-08-11 07:25:31.812,False,True
5146890987,121980.09,5e-05,6.0990045,2025-08-11 07:25:31.812,False,True
5146890988,121980.1,5e-05,6.099005,2025-08-11 07:25:31.812,False,True
5146890989,121980.1,5e-05,6.099005,2025-08-11 07:25:31.812,False,True
5146890990,121980.1,5e-05,6.099005,2025-08-11 07:25:31.812,False,True
5146890991,121980.1,5e-05,6.099005,2025-08-11 07:25:31.812,False,True
5146890992,121980.1,5e-05,6.099005,2025-08-11 07:25:31.812,False,True
5146890993,121980.1,5e-05,6.099005,2025-08-11 07:25:31.812,False,True
5146890994,121980.1,5e-05,6.099005,2025-08-11 07:25:31.812,False,True
5146890995,121980.1,5e-05,6.099005,2025-08-11 07:25:31.812,False,True
5146890996,121980.1,5e-05,6.099005,2025-08-11 07:25:31.812,False,True
5146890997,121980.1,5e-05,6.099005,2025-08-11 07:25:31.812,False,True
5146890998,121980.1,5e-05,6.099005,2025-08-11 07:25:31.812,False,True
5146890999,121980.1,5e-05,6.099005,2025-08-11 07:25:31.812,False,True
5146891000,121980.1,5e-05,6.099005,2025-08-11 07:25:31.812,False,True
5146891001,121980.1,5e-05,6.099005,2025-08-11 07:25:31.812,False,True
5146891002,121980.1,5e-05,6.099005,2025-08-11 07:25:31.812,False,True
5146891003,121980.1,5e-05,6.099005,2025-08-11 07:25:31.812,False,True
5146891004,121980.1,5e-05,6.099005,2025-08-11 07:25:31.812,False,True
5146891005,121980.1,5e-05,6.099005,2025-08-11 07:25:31.812,False,True
5146891006,121980.11,5e-05,6.0990055,2025-08-11 07:25:31.814,False,True
5146891007,121980.11,5e-05,6.0990055,2025-08-11 07:25:31.814,False,True
5146891008,121980.11,0.00055,67.0890605,2025-08-11 07:25:31.814,False,True
5146891009,121980.11,5e-05,6.0990055,2025-08-11 07:25:31.814,False,True
5146891010,121980.11,5e-05,6.0990055,2025-08-11 07:25:31.814,False,True
5146891011,121980.11,5e-05,6.0990055,2025-08-11 07:25:31.814,False,True
5146891012,121980.11,5e-05,6.0990055,2025-08-11 07:25:31.814,False,True
5146891013,121980.11,5e-05,6.0990055,2025-08-11 07:25:31.814,False,True
5146891014,121980.11,5e-05,6.0990055,2025-08-11 07:25:31.814,False,True
5146891015,121980.11,5e-05,6.0990055,2025-08-11 07:25:31.814,False,True
5146891016,121980.11,5e-05,6.0990055,2025-08-11 07:25:31.814,False,True
5146891017,121980.11,5e-05,6.0990055,2025-08-11 07:25:31.814,False,True
5146891018,121980.11,5e-05,6.0990055,2025-08-11 07:25:31.814,False,True
5146891019,121980.11,5e-05,6.0990055,2025-08-11 07:25:31.814,False,True
5146891020,121980.11,5e-05,6.0990055,2025-08-11 07:25:31.814,False,True
5146891021,121980.11,5e-05,6.0990055,2025-08-11 07:25:31.814,False,True
5146891022,121980.11,5e-05,6.0990055,2025-08-11 07:25:31.814,False,True
5146891023,121980.11,5e-05,6.0990055,2025-08-11 07:25:31.814,False,True
5146891024,121980.11,5e-05,6.0990055,2025-08-11 07:25:31.814,False,True
5146891025,121980.42,5e-05,6.099021,2025-08-11 07:25:31.816,False,True
5146891026,121981.28,5e-05,6.099064,2025-08-11 07:25:31.816,False,True
5146891027,121981.28,5e-05,6.099064,2025-08-11 07:25:31.816,False,True
5146891028,121981.36,5e-05,6.099068,2025-08-11 07:25:31.816,False,True
5146891029,121981.36,5e-05,6.099068,2025-08-11 07:25:31.816,False,True
5146891030,121981.44,5e-05,6.099072,2025-08-11 07:25:31.816,False,True
5146891031,121981.44,5e-05,6.099072,2025-08-11 07:25:31.816,False,True
5146891032,121981.44,5e-05,6.099072,2025-08-11 07:25:31.816,False,True
5146891033,121981.58,7e-05,8.5387106,2025-08-11 07:25:31.817,True,True
5146891034,121981.64,5e-05,6.099082,2025-08-11 07:25:31.823,False,True
5146891035,121981.64,5e-05,6.099082,2025-08-11 07:25:31.823,False,True
5146891036,121981.64,0.11875,14485.31975,2025-08-11 07:25:31.823,False,True
5146891037,121981.64,0.0001,12.198164,2025-08-11 07:25:31.823,False,True
5146891038,121981.64,0.0001,12.198164,2025-08-11 07:25:31.823,False,True
5146891039,121981.64,0.0001,12.198164,2025-08-11 07:25:31.823,False,True
5146891040,121981.64,5e-05,6.099082,2025-08-11 07:25:31.823,False,True
5146891041,121981.64,5e-05,6.099082,2025-08-11 07:25:31.823,False,True
5146891042,121981.64,5e-05,6.099082,2025-08-11 07:25:31.823,False,True
5146891043,121981.64,5e-05,6.099082,2025-08-11 07:25:31.823,False,True
5146891044,121981.64,5e-05,6.099082,2025-08-11 07:25:31.823,False,True
5146891045,121981.64,5e-05,6.099082,2025-08-11 07:25:31.823,False,True
5146891046,121981.64,0.0011,134.179804,2025-08-11 07:25:31.823,False,True
5146891047,121981.64,5e-05,6.099082,2025-08-11 07:25:31.823,False,True
5146891048,121981.64,5e-05,6.099082,2025-08-11 07:25:31.823,False,True
5146891049,121981.64,5e-05,6.099082,2025-08-11 07:25:31.823,False,True
5146891050,121981.64,5e-05,6.099082,2025-08-11 07:25:31.823,False,True
5146891051,121981.64,5e-05,6.099082,2025-08-11 07:25:31.823,False,True
5146891052,121981.64,0.0043,524.521052,2025-08-11 07:25:31.823,False,True
5146891053,121981.64,0.0001,12.198164,2025-08-11 07:25:31.823,False,True
5146891054,121981.64,5e-05,6.099082,2025-08-11 07:25:31.823,False,True
5146891055,121981.64,5e-05,6.099082,2025-08-11 07:25:31.823,False,True
5146891056,121981.64,5e-05,6.099082,2025-08-11 07:25:31.823,False,True
5146891057,121981.64,5e-05,6.099082,2025-08-11 07:25:31.823,False,True
5146891058,121981.64,5e-05,6.099082,2025-08-11 07:25:31.823,False,True
5146891059,121981.64,5e-05,6.099082,2025-08-11 07:25:31.823,False,True
5146891060,121981.64,5e-05,6.099082,2025-08-11 07:25:31.823,False,True
5146891061,121981.64,5e-05,6.099082,2025-08-11 07:25:31.823,False,True
5146891062,121981.64,5e-05,6.099082,2025-08-11 07:25:31.823,False,True
5146891063,121981.64,5e-05,6.099082,2025-08-11 07:25:31.823,False,True
5146891064,121981.64,5e-05,6.099082,2025-08-11 07:25:31.823,False,True
5146891065,121981.64,5e-05,6.099082,2025-08-11 07:25:31.823,False,True
5146891066,121981.64,5e-05,6.099082,2025-08-11 07:25:31.823,False,True
5146891067,121981.65,5e-05,6.0990825,2025-08-11 07:25:31.823,False,True
5146891068,121981.65,5e-05,6.0990825,2025-08-11 07:25:31.823,False,True
5146891069,121981.65,5e-05,6.0990825,2025-08-11 07:25:31.823,False,True
5146891070,121981.65,5e-05,6.0990825,2025-08-11 07:25:31.823,False,True
5146891071,121981.65,5e-05,6.0990825,2025-08-11 07:25:31.823,False,True
5146891072,121981.65,5e-05,6.0990825,2025-08-11 07:25:31.823,False,True
5146891073,121981.65,5e-05,6.0990825,2025-08-11 07:25:31.823,False,True
5146891074,121981.65,5e-05,6.0990825,2025-08-11 07:25:31.823,False,True
5146891075,121981.65,5e-05,6.0990825,2025-08-11 07:25:31.823,False,True
5146891076,121981.65,5e-05,6.0990825,2025-08-11 07:25:31.823,False,True
5146891077,121981.99,5e-05,6.0990995,2025-08-11 07:25:31.823,False,True
5146891078,121981.99,5e-05,6.0990995,2025-08-11 07:25:31.823,False,True
5146891079,121981.99,5e-05,6.0990995,2025-08-11 07:25:31.823,False,True
5146891080,121982.0,5e-05,6.0991,2025-08-11 07:25:31.823,False,True
5146891081,121982.0,0.0001,12.1982,2025-08-11 07:25:31.823,False,True
5146891082,121982.0,5e-05,6.0991,2025-08-11 07:25:31.823,False,True
5146891083,121982.0,5e-05,6.0991,2025-08-11 07:25:31.823,False,True
5146891084,121982.0,5e-05,6.0991,2025-08-11 07:25:31.823,False,True
5146891085,121982.0,5e-05,6.0991,2025-08-11 07:25:31.823,False,True
5146891086,121982.0,5e-05,6.0991,2025-08-11 07:25:31.823,False,True
5146891087,121982.0,5e-05,6.0991,2025-08-11 07:25:31.823,False,True
5146891088,121982.0,5e-05,6.0991,2025-08-11 07:25:31.823,False,True
5146891089,121982.32,5e-05,6.099116,2025-08-11 07:25:31.825,False,True
5146891090,121982.32,5e-05,6.099116,2025-08-11 07:25:31.825,False,True
5146891091,121982.32,5e-05,6.099116,2025-08-11 07:25:31.825,False,True
5146891092,121982.33,0.0001,12.198233,2025-08-11 07:25:31.825,False,True
5146891093,121982.33,5e-05,6.0991165,2025-08-11 07:25:31.825,False,True
5146891094,121982.33,5e-05,6.0991165,2025-08-11 07:25:31.825,False,True
5146891095,121982.33,5e-05,6.0991165,2025-08-11 07:25:31.825,False,True
5146891096,121982.33,5e-05,6.0991165,2025-08-11 07:25:31.825,False,True
5146891097,121982.33,5e-05,6.0991165,2025-08-11 07:25:31.825,False,True
5146891098,121982.58,0.00842,1027.0933236,2025-08-11 07:25:31.825,False,True
5146891099,121982.93,5e-05,6.0991465,2025-08-11 07:25:31.825,False,True
5146891100,121982.93,5e-05,6.0991465,2025-08-11 07:25:31.825,False,True
5146891101,121982.93,5e-05,6.0991465,2025-08-11 07:25:31.825,False,True
5146891102,121983.99,5e-05,6.0991995,2025-08-11 07:25:31.831,False,True
5146891103,121983.99,5e-05,6.0991995,2025-08-11 07:25:31.831,False,True
5146891104,121983.99,5e-05,6.0991995,2025-08-11 07:25:31.831,False,True
5146891105,121983.99,5e-05,6.0991995,2025-08-11 07:25:31.831,False,True
5146891106,121983.99,5e-05,6.0991995,2025-08-11 07:25:31.831,False,True
5146891107,121983.99,5e-05,6.0991995,2025-08-11 07:25:31.831,False,True
5146891108,121983.99,5e-05,6.0991995,2025-08-11 07:25:31.831,False,True
5146891109,121983.99,5e-05,6.0991995,2025-08-11 07:25:31.831,False,True
5146891110,121983.99,5e-05,6.0991995,2025-08-11 07:25:31.831,False,True
5146891111,121983.99,5e-05,6.0991995,2025-08-11 07:25:31.831,False,True
5146891112,121983.99,5e-05,6.0991995,2025-08-11 07:25:31.831,False,True
5146891113,121983.99,5e-05,6.0991995,2025-08-11 07:25:31.831,False,True
5146891114,121983.99,0.1188,14491.698012,2025-08-11 07:25:31.831,False,True
5146891115,121983.99,5e-05,6.0991995,2025-08-11 07:25:31.831,False,True
5146891116,121983.99,0.0043,524.531157,2025-08-11 07:25:31.831,False,True
5146891117,121983.99,0.0001,12.198399,2025-08-11 07:25:31.831,False,True
5146891118,121983.99,0.0001,12.198399,2025-08-11 07:25:31.831,False,True
5146891119,121983.99,5e-05,6.0991995,2025-08-11 07:25:31.831,False,True
5146891120,121983.99,0.0001,12.198399,2025-08-11 07:25:31.831,False,True
5146891121,121983.99,5e-05,6.0991995,2025-08-11 07:25:31.831,False,True
5146891122,121983.99,5e-05,6.0991995,2025-08-11 07:25:31.831,False,True
5146891123,121983.99,5e-05,6.0991995,2025-08-11 07:25:31.831,False,True
5146891124,121983.99,5e-05,6.0991995,2025-08-11 07:25:31.831,False,True
5146891125,121983.99,5e-05,6.0991995,2025-08-11 07:25:31.831,False,True
5146891126,121983.99,5e-05,6.0991995,2025-08-11 07:25:31.831,False,True
5146891127,121983.99,5e-05,6.0991995,2025-08-11 07:25:31.831,False,True
5146891128,121983.99,5e-05,6.0991995,2025-08-11 07:25:31.831,False,True
5146891129,121983.99,5e-05,6.0991995,2025-08-11 07:25:31.831,False,True
5146891130,121983.99,5e-05,6.0991995,2025-08-11 07:25:31.831,False,True
5146891131,121983.99,0.0001,12.198399,2025-08-11 07:25:31.831,False,True
5146891132,121983.99,5e-05,6.0991995,2025-08-11 07:25:31.831,False,True
5146891133,121983.99,5e-05,6.0991995,2025-08-11 07:25:31.831,False,True
5146891134,121983.99,5e-05,6.0991995,2025-08-11 07:25:31.831,False,True
5146891135,121983.99,5e-05,6.0991995,2025-08-11 07:25:31.831,False,True
5146891136,121983.99,5e-05,6.0991995,2025-08-11 07:25:31.831,False,True
5146891137,121983.99,5e-05,6.0991995,2025-08-11 07:25:31.831,False,True
5146891138,121983.99,5e-05,6.0991995,2025-08-11 07:25:31.831,False,True
5146891139,121984.0,5e-05,6.0992,2025-08-11 07:25:31.831,False,True
5146891140,121984.0,5e-05,6.0992,2025-08-11 07:25:31.831,False,True
5146891141,121984.0,5e-05,6.0992,2025-08-11 07:25:31.831,False,True
5146891142,121984.0,0.0001,12.1984,2025-08-11 07:25:31.831,False,True
5146891143,121984.0,5e-05,6.0992,2025-08-11 07:25:31.831,False,True
5146891144,121984.0,5e-05,6.0992,2025-08-11 07:25:31.831,False,True
5146891145,121984.0,5e-05,6.0992,2025-08-11 07:25:31.831,False,True
5146891146,121984.0,5e-05,6.0992,2025-08-11 07:25:31.831,False,True
5146891147,121984.0,5e-05,6.0992,2025-08-11 07:25:31.831,False,True
5146891148,121984.0,5e-05,6.0992,2025-08-11 07:25:31.831,False,True
5146891149,121984.0,5e-05,6.0992,2025-08-11 07:25:31.831,False,True
5146891150,121984.0,5e-05,6.0992,2025-08-11 07:25:31.831,False,True
5146891151,121984.0,5e-05,6.0992,2025-08-11 07:25:31.831,False,True
5146891152,121984.0,5e-05,6.0992,2025-08-11 07:25:31.831,False,True
5146891153,121984.0,5e-05,6.0992,2025-08-11 07:25:31.831,False,True
5146891154,121984.0,5e-05,6.0992,2025-08-11 07:25:31.831,False,True
5146891155,121983.99,0.00148,180.5363052,2025-08-11 07:25:31.834,True,True
5146891156,121983.99,0.00148,180.5363052,2025-08-11 07:25:31.834,True,True
5146891157,121984.0,5e-05,6.0992,2025-08-11 07:25:31.835,False,True
5146891158,121984.0,5e-05,6.0992,2025-08-11 07:25:31.835,False,True
5146891159,121984.0,5e-05,6.0992,2025-08-11 07:25:31.835,False,True
5146891160,121984.0,5e-05,6.0992,2025-08-11 07:25:31.835,False,True
5146891161,121984.0,5e-05,6.0992,2025-08-11 07:25:31.836,False,True
5146891162,121984.0,5e-05,6.0992,2025-08-11 07:25:31.836,False,True
5146891163,121984.0,5e-05,6.0992,2025-08-11 07:25:31.836,False,True
5146891164,121984.0,5e-05,6.0992,2025-08-11 07:25:31.836,False,True
5146891165,121984.0,5e-05,6.0992,2025-08-11 07:25:31.836,False,True
5146891166,121984.0,5e-05,6.0992,2025-08-11 07:25:31.836,False,True
5146891167,121984.0,0.0001,12.1984,2025-08-11 07:25:31.836,False,True
5146891168,121984.0,0.0001,12.1984,2025-08-11 07:25:31.836,False,True
5146891169,121984.0,0.0001,12.1984,2025-08-11 07:25:31.836,False,True
5146891170,121984.0,5e-05,6.0992,2025-08-11 07:25:31.836,False,True
5146891171,121984.01,5e-05,6.0992005,2025-08-11 07:25:31.836,False,True
5146891172,121984.01,5e-05,6.0992005,2025-08-11 07:25:31.836,False,True
5146891173,121984.01,5e-05,6.0992005,2025-08-11 07:25:31.836,False,True
5146891174,121984.01,5e-05,6.0992005,2025-08-11 07:25:31.836,False,True
5146891175,121984.01,5e-05,6.0992005,2025-08-11 07:25:31.836,False,True
5146891176,121984.01,5e-05,6.0992005,2025-08-11 07:25:31.836,False,True
5146891177,121984.01,5e-05,6.0992005,2025-08-11 07:25:31.836,False,True
5146891178,121984.01,5e-05,6.0992005,2025-08-11 07:25:31.836,False,True
5146891179,121984.01,5e-05,6.0992005,2025-08-11 07:25:31.836,False,True
5146891180,121984.01,5e-05,6.0992005,2025-08-11 07:25:31.836,False,True
5146891181,121984.01,5e-05,6.0992005,2025-08-11 07:25:31.836,False,True
5146891182,121984.01,5e-05,6.0992005,2025-08-11 07:25:31.836,False,True
5146891183,121984.01,5e-05,6.0992005,2025-08-11 07:25:31.836,False,True
5146891184,121984.01,5e-05,6.0992005,2025-08-11 07:25:31.836,False,True
5146891185,121984.01,5e-05,6.0992005,2025-08-11 07:25:31.836,False,True
5146891186,121984.22,0.00011,13.4182642,2025-08-11 07:25:31.836,False,True
5146891187,121984.22,5e-05,6.099211,2025-08-11 07:25:31.836,False,True
5146891188,121984.22,5e-05,6.099211,2025-08-11 07:25:31.836,False,True
5146891189,121984.22,5e-05,6.099211,2025-08-11 07:25:31.836,False,True
5146891190,121984.22,5e-05,6.099211,2025-08-11 07:25:31.836,False,True
5146891191,121984.22,5e-05,6.099211,2025-08-11 07:25:31.836,False,True
5146891192,121984.22,5e-05,6.099211,2025-08-11 07:25:31.836,False,True
5146891193,121984.22,5e-05,6.099211,2025-08-11 07:25:31.836,False,True
5146891194,121984.59,5e-05,6.0992295,2025-08-11 07:25:31.836,False,True
5146891195,121984.59,5e-05,6.0992295,2025-08-11 07:25:31.836,False,True
5146891196,121984.59,5e-05,6.0992295,2025-08-11 07:25:31.836,False,True
5146891197,121984.59,5e-05,6.0992295,2025-08-11 07:25:31.836,False,True
5146891198,121984.59,5e-05,6.0992295,2025-08-11 07:25:31.836,False,True
5146891199,121984.59,5e-05,6.0992295,2025-08-11 07:25:31.836,False,True
5146891200,121984.69,0.00011,13.4183159,2025-08-11 07:25:31.836,False,True
5146891201,121985.26,5e-05,6.099263,2025-08-11 07:25:31.836,False,True
5146891202,121985.32,0.00011,13.4183852,2025-08-11 07:25:31.836,False,True
5146891203,121985.36,5e-05,6.099268,2025-08-11 07:25:31.836,False,True
5146891204,121985.36,5e-05,6.099268,2025-08-11 07:25:31.836,False,True
5146891205,121985.36,5e-05,6.099268,2025-08-11 07:25:31.836,False,True
5146891206,121985.37,5e-05,6.0992685,2025-08-11 07:25:31.873,False,True
5146891207,121985.37,5e-05,6.0992685,2025-08-11 07:25:31.873,False,True
5146891208,121985.37,5e-05,6.0992685,2025-08-11 07:25:31.873,False,True
5146891209,121985.37,5e-05,6.0992685,2025-08-11 07:25:31.873,False,True
5146891210,121985.37,5e-05,6.0992685,2025-08-11 07:25:31.873,False,True
5146891211,121985.37,5e-05,6.0992685,2025-08-11 07:25:31.873,False,True
5146891212,121985.37,5e-05,6.0992685,2025-08-11 07:25:31.873,False,True
5146891213,121985.37,5e-05,6.0992685,2025-08-11 07:25:31.873,False,True
5146891214,121985.37,5e-05,6.0992685,2025-08-11 07:25:31.873,False,True
5146891215,121985.37,5e-05,6.0992685,2025-08-11 07:25:31.873,False,True
5146891216,121985.37,5e-05,6.0992685,2025-08-11 07:25:31.873,False,True
5146891217,121985.37,5e-05,6.0992685,2025-08-11 07:25:31.873,False,True
5146891218,121985.37,5e-05,6.0992685,2025-08-11 07:25:31.873,False,True
5146891219,121985.37,5e-05,6.0992685,2025-08-11 07:25:31.873,False,True
5146891220,121985.37,5e-05,6.0992685,2025-08-11 07:25:31.873,False,True
5146891221,121985.37,5e-05,6.0992685,2025-08-11 07:25:31.873,False,True
5146891222,121985.37,5e-05,6.0992685,2025-08-11 07:25:31.873,False,True
5146891223,121985.37,5e-05,6.0992685,2025-08-11 07:25:31.873,False,True
5146891224,121985.37,5e-05,6.0992685,2025-08-11 07:25:31.873,False,True
5146891225,121985.37,5e-05,6.0992685,2025-08-11 07:25:31.873,False,True
5146891226,121985.37,5e-05,6.0992685,2025-08-11 07:25:31.873,False,True
5146891227,121985.37,5e-05,6.0992685,2025-08-11 07:25:31.873,False,True
5146891228,121985.37,5e-05,6.0992685,2025-08-11 07:25:31.873,False,True
5146891229,121985.37,5e-05,6.0992685,2025-08-11 07:25:31.873,False,True
5146891230,121985.37,5e-05,6.0992685,2025-08-11 07:25:31.873,False,True
5146891231,121985.37,5e-05,6.0992685,2025-08-11 07:25:31.873,False,True
5146891232,121985.37,5e-05,6.0992685,2025-08-11 07:25:31.873,False,True
5146891233,121985.37,5e-05,6.0992685,2025-08-11 07:25:31.873,False,True
5146891234,121985.37,5e-05,6.0992685,2025-08-11 07:25:31.873,False,True
5146891235,121985.37,5e-05,6.0992685,2025-08-11 07:25:31.873,False,True
5146891236,121985.37,5e-05,6.0992685,2025-08-11 07:25:31.873,False,True
5146891237,121985.37,5e-05,6.0992685,2025-08-11 07:25:31.873,False,True
5146891238,121985.37,5e-05,6.0992685,2025-08-11 07:25:31.873,False,True
5146891239,121985.37,5e-05,6.0992685,2025-08-11 07:25:31.873,False,True
5146891240,121985.37,5e-05,6.0992685,2025-08-11 07:25:31.873,False,True
5146891241,121985.37,5e-05,6.0992685,2025-08-11 07:25:31.873,False,True
5146891242,121985.37,5e-05,6.0992685,2025-08-11 07:25:31.873,False,True
5146891243,121985.37,5e-05,6.0992685,2025-08-11 07:25:31.873,False,True
5146891244,121985.37,5e-05,6.0992685,2025-08-11 07:25:31.873,False,True
5146891245,121985.37,5e-05,6.0992685,2025-08-11 07:25:31.873,False,True
5146891246,121985.37,5e-05,6.0992685,2025-08-11 07:25:31.873,False,True
5146891247,121985.38,5e-05,6.099269,2025-08-11 07:25:31.873,False,True
5146891248,121985.38,5e-05,6.099269,2025-08-11 07:25:31.873,False,True
5146891249,121985.38,5e-05,6.099269,2025-08-11 07:25:31.873,False,True
5146891250,121985.38,5e-05,6.099269,2025-08-11 07:25:31.873,False,True
5146891251,121985.38,5e-05,6.099269,2025-08-11 07:25:31.873,False,True
5146891252,121985.38,5e-05,6.099269,2025-08-11 07:25:31.873,False,True
5146891253,121985.38,5e-05,6.099269,2025-08-11 07:25:31.873,False,True
5146891254,121985.38,5e-05,6.099269,2025-08-11 07:25:31.873,False,True
5146891255,121985.38,5e-05,6.099269,2025-08-11 07:25:31.873,False,True
5146891256,121985.38,5e-05,6.099269,2025-08-11 07:25:31.873,False,True
5146891257,121985.42,5e-05,6.099271,2025-08-11 07:25:31.873,False,True
5146891258,121985.42,5e-05,6.099271,2025-08-11 07:25:31.873,False,True
5146891259,121985.42,5e-05,6.099271,2025-08-11 07:25:31.873,False,True
5146891260,121985.42,5e-05,6.099271,2025-08-11 07:25:31.873,False,True
5146891261,121985.42,0.00392,478.1828464,2025-08-11 07:25:31.873,False,True
5146891262,121985.42,5e-05,6.099271,2025-08-11 07:25:31.873,False,True
5146891263,121985.42,5e-05,6.099271,2025-08-11 07:25:31.873,False,True
5146891264,121985.42,0.00423,515.9983266,2025-08-11 07:25:31.873,False,True
5146891265,121985.42,0.00977,1191.7975534,2025-08-11 07:25:31.874,False,True
5146891266,121985.42,5e-05,6.099271,2025-08-11 07:25:31.874,False,True
5146891267,121985.42,5e-05,6.099271,2025-08-11 07:25:31.874,False,True
5146891268,121985.42,5e-05,6.099271,2025-08-11 07:25:31.874,False,True
5146891269,121985.42,5e-05,6.099271,2025-08-11 07:25:31.874,False,True
5146891270,121985.43,5e-05,6.0992715,2025-08-11 07:25:31.874,False,True
5146891271,121985.43,5e-05,6.0992715,2025-08-11 07:25:31.874,False,True
5146891272,121985.43,5e-05,6.0992715,2025-08-11 07:25:31.874,False,True
5146891273,121985.43,5e-05,6.0992715,2025-08-11 07:25:31.874,False,True
5146891274,121985.43,5e-05,6.0992715,2025-08-11 07:25:31.874,False,True
5146891275,121985.6,5e-05,6.09928,2025-08-11 07:25:31.874,False,True
5146891276,121985.6,5e-05,6.09928,2025-08-11 07:25:31.874,False,True
5146891277,121985.6,5e-05,6.09928,2025-08-11 07:25:31.874,False,True
5146891278,121985.61,5e-05,6.0992805,2025-08-11 07:25:31.874,False,True
5146891279,121985.61,5e-05,6.0992805,2025-08-11 07:25:31.874,False,True
5146891280,121985.61,5e-05,6.0992805,2025-08-11 07:25:31.874,False,True
5146891281,121985.61,5e-05,6.0992805,2025-08-11 07:25:31.874,False,True
5146891282,121985.61,5e-05,6.0992805,2025-08-11 07:25:31.874,False,True
5146891283,121985.7,0.00027,32.936139,2025-08-11 07:25:31.874,False,True
5146891284,121985.72,0.00011,13.4184292,2025-08-11 07:25:31.874,False,True
5146891285,121985.72,0.00016,19.5177152,2025-08-11 07:25:31.874,False,True
5146891286,121985.93,0.00049,59.7731057,2025-08-11 07:25:31.874,False,True
5146891287,121985.99,5e-05,6.0992995,2025-08-11 07:25:31.874,False,True
5146891288,121985.99,5e-05,6.0992995,2025-08-11 07:25:31.874,False,True
5146891289,121985.99,5e-05,6.0992995,2025-08-11 07:25:31.874,False,True
5146891290,121986.0,5e-05,6.0993,2025-08-11 07:25:31.874,False,True
5146891291,121986.0,5e-05,6.0993,2025-08-11 07:25:31.874,False,True
5146891292,121986.0,5e-05,6.0993,2025-08-11 07:25:31.874,False,True
5146891293,121986.0,5e-05,6.0993,2025-08-11 07:25:31.874,False,True
5146891294,121986.0,5e-05,6.0993,2025-08-11 07:25:31.874,False,True
5146891295,121986.82,0.00027,32.9364414,2025-08-11 07:25:31.874,False,True
5146891296,121986.9,5e-05,6.099345,2025-08-11 07:25:31.874,False,True
5146891297,121987.44,0.00041,50.0148504,2025-08-11 07:25:31.874,False,True
5146891298,121987.44,0.00041,50.0148504,2025-08-11 07:25:31.874,False,True
5146891299,121987.53,5e-05,6.0993765,2025-08-11 07:25:31.874,False,True
5146891300,121987.7,5e-05,6.099385,2025-08-11 07:25:31.874,False,True
5146891301,121987.93,0.00123,150.0451539,2025-08-11 07:25:31.874,False,True
5146891302,121987.99,5e-05,6.0993995,2025-08-11 07:25:31.874,False,True
5146891303,121987.99,5e-05,6.0993995,2025-08-11 07:25:31.874,False,True
5146891304,121987.99,5e-05,6.0993995,2025-08-11 07:25:31.874,False,True
5146891305,121988.0,0.00733,894.17204,2025-08-11 07:25:31.874,False,True
5146891306,121988.0,0.011,1341.868,2025-08-11 07:25:31.874,False,True
5146891307,121988.0,0.011,1341.868,2025-08-11 07:25:31.875,False,True
5146891308,121988.0,5e-05,6.0994,2025-08-11 07:25:31.875,False,True
5146891309,121988.0,5e-05,6.0994,2025-08-11 07:25:31.875,False,True
5146891310,121988.0,5e-05,6.0994,2025-08-11 07:25:31.875,False,True
5146891311,121988.0,5e-05,6.0994,2025-08-11 07:25:31.875,False,True
5146891312,121988.0,5e-05,6.0994,2025-08-11 07:25:31.875,False,True
5146891313,121988.07,5e-05,6.0994035,2025-08-11 07:25:31.875,False,True
5146891314,121988.07,5e-05,6.0994035,2025-08-11 07:25:31.875,False,True
5146891315,121988.07,5e-05,6.0994035,2025-08-11 07:25:31.875,False,True
5146891316,121988.08,5e-05,6.099404,2025-08-11 07:25:31.875,False,True
5146891317,121988.08,5e-05,6.099404,2025-08-11 07:25:31.875,False,True
5146891318,121988.08,5e-05,6.099404,2025-08-11 07:25:31.875,False,True
5146891319,121988.08,5e-05,6.099404,2025-08-11 07:25:31.875,False,True
5146891320,121988.08,5e-05,6.099404,2025-08-11 07:25:31.875,False,True
5146891321,121988.22,5e-05,6.099411,2025-08-11 07:25:31.875,False,True
5146891322,121988.22,5e-05,6.099411,2025-08-11 07:25:31.875,False,True
5146891323,121988.22,5e-05,6.099411,2025-08-11 07:25:31.875,False,True
5146891324,121988.22,5e-05,6.099411,2025-08-11 07:25:31.875,False,True
5146891325,121988.22,5e-05,6.099411,2025-08-11 07:25:31.875,False,True
5146891326,121988.22,5e-05,6.099411,2025-08-11 07:25:31.875,False,True
5146891327,121988.22,5e-05,6.099411,2025-08-11 07:25:31.875,False,True
5146891328,121988.22,5e-05,6.099411,2025-08-11 07:25:31.875,False,True
5146891329,121988.22,5e-05,6.099411,2025-08-11 07:25:31.875,False,True
5146891330,121988.22,5e-05,6.099411,2025-08-11 07:25:31.875,False,True
5146891331,121988.22,5e-05,6.099411,2025-08-11 07:25:31.875,False,True
5146891332,121988.23,5e-05,6.0994115,2025-08-11 07:25:31.875,False,True
5146891333,121988.23,5e-05,6.0994115,2025-08-11 07:25:31.875,False,True
5146891334,121988.23,5e-05,6.0994115,2025-08-11 07:25:31.875,False,True
5146891335,121988.23,5e-05,6.0994115,2025-08-11 07:25:31.875,False,True
5146891336,121988.23,5e-05,6.0994115,2025-08-11 07:25:31.875,False,True
5146891337,121988.23,5e-05,6.0994115,2025-08-11 07:25:31.875,False,True
5146891338,121988.23,5e-05,6.0994115,2025-08-11 07:25:31.875,False,True
5146891339,121988.58,9e-05,10.9789722,2025-08-11 07:25:31.875,False,True
5146891340,121988.72,0.00107,130.5279304,2025-08-11 07:25:31.875,False,True
5146891341,121989.22,0.00107,130.5284654,2025-08-11 07:25:31.875,False,True
5146891342,121989.49,0.00722,880.7641178,2025-08-11 07:25:31.875,False,True
5146891343,121989.49,0.011,1341.88439,2025-08-11 07:25:31.875,False,True
5146891344,121989.49,5e-05,6.0994745,2025-08-11 07:25:31.876,False,True
5146891345,121989.49,5e-05,6.0994745,2025-08-11 07:25:31.876,False,True
5146891346,121989.49,5e-05,6.0994745,2025-08-11 07:25:31.876,False,True
5146891347,121989.49,5e-05,6.0994745,2025-08-11 07:25:31.876,False,True
5146891348,121989.49,5e-05,6.0994745,2025-08-11 07:25:31.876,False,True
5146891349,121990.09,0.00131,159.8070179,2025-08-11 07:25:31.876,False,True
5146891350,121990.12,5e-05,6.099506,2025-08-11 07:25:31.876,False,True
5146891351,121990.12,5e-05,6.099506,2025-08-11 07:25:31.876,False,True
5146891352,121990.12,5e-05,6.099506,2025-08-11 07:25:31.876,False,True
5146891353,121990.13,5e-05,6.0995065,2025-08-11 07:25:31.876,False,True
5146891354,121990.13,5e-05,6.0995065,2025-08-11 07:25:31.876,False,True
5146891355,121990.13,5e-05,6.0995065,2025-08-11 07:25:31.876,False,True
5146891356,121990.13,5e-05,6.0995065,2025-08-11 07:25:31.876,False,True
5146891357,121990.13,5e-05,6.0995065,2025-08-11 07:25:31.876,False,True
5146891358,121990.18,5e-05,6.099509,2025-08-11 07:25:31.876,False,True
5146891359,121990.18,5e-05,6.099509,2025-08-11 07:25:31.876,False,True
5146891360,121990.18,5e-05,6.099509,2025-08-11 07:25:31.876,False,True
5146891361,121990.18,5e-05,6.099509,2025-08-11 07:25:31.876,False,True
5146891362,121990.18,5e-05,6.099509,2025-08-11 07:25:31.876,False,True
5146891363,121990.44,0.00102,124.4302488,2025-08-11 07:25:31.876,False,True
5146891364,121990.44,0.00082,100.0321608,2025-08-11 07:25:31.876,False,True
5146891365,121990.78,5e-05,6.099539,2025-08-11 07:25:31.876,False,True
5146891366,121990.78,5e-05,6.099539,2025-08-11 07:25:31.876,False,True
5146891367,121990.78,5e-05,6.099539,2025-08-11 07:25:31.876,False,True
5146891368,121991.16,5e-05,6.099558,2025-08-11 07:25:31.876,False,True
5146891369,121991.32,0.00107,130.5307124,2025-08-11 07:25:31.876,False,True
5146891370,121991.41,5e-05,6.0995705,2025-08-11 07:25:31.876,False,True
5146891371,121991.42,5e-05,6.099571,2025-08-11 07:25:31.876,False,True
5146891372,121991.42,5e-05,6.099571,2025-08-11 07:25:31.876,False,True
5146891373,121991.42,5e-05,6.099571,2025-08-11 07:25:31.876,False,True
5146891374,121991.42,5e-05,6.099571,2025-08-11 07:25:31.876,False,True
5146891375,121991.42,5e-05,6.099571,2025-08-11 07:25:31.876,False,True
5146891376,121991.42,5e-05,6.099571,2025-08-11 07:25:31.876,False,True
5146891377,121991.42,5e-05,6.099571,2025-08-11 07:25:31.876,False,True
5146891378,121991.43,0.00528,644.1147504,2025-08-11 07:25:31.876,False,True
5146891379,121991.43,0.011,1341.90573,2025-08-11 07:25:31.878,False,True
5146891380,121991.43,0.011,1341.90573,2025-08-11 07:25:31.880,False,True
5146891381,121991.43,0.011,1341.90573,2025-08-11 07:25:31.881,False,True
5146891382,121991.43,0.00095,115.8918585,2025-08-11 07:25:31.900,False,True
5146891383,121991.42,0.00154,187.8667868,2025-08-11 07:25:31.965,True,True
5146891384,121991.42,0.13601,16592.0530342,2025-08-11 07:25:32.058,True,True
5146891385,121991.42,0.1359,16578.633978,2025-08-11 07:25:32.058,True,True
5146891386,121991.42,0.17938,21882.8209196,2025-08-11 07:25:32.058,True,True
5146891387,121991.42,0.0016,195.186272,2025-08-11 07:25:32.234,True,True
5146891388,121991.43,0.00427,520.9034061,2025-08-11 07:25:32.276,False,True
5146891389,121991.43,0.00259,315.9578037,2025-08-11 07:25:32.276,False,True
5146891390,121991.43,0.0001,12.199143,2025-08-11 07:25:32.276,False,True
5146891391,121991.43,0.00104,126.8710872,2025-08-11 07:25:32.276,False,True
5146891392,121991.42,0.00166,202.5057572,2025-08-11 07:25:32.592,True,True
5146891393,121991.42,0.00166,202.5057572,2025-08-11 07:25:32.828,True,True
5146891394,121991.43,0.00024,29.2779432,2025-08-11 07:25:32.952,False,True
5146891395,121991.42,5e-05,6.099571,2025-08-11 07:25:32.953,True,True
5146891396,121991.42,0.00166,202.5057572,2025-08-11 07:25:33.064,True,True
5146891397,121991.42,0.01,1219.9142,2025-08-11 07:25:33.915,True,True
5146891398,121991.43,0.00363,442.8288909,2025-08-11 07:25:34.038,False,True
5146891399,121991.43,5e-05,6.0995715,2025-08-11 07:25:34.038,False,True
5146891400,121991.43,5e-05,6.0995715,2025-08-11 07:25:34.038,False,True
5146891401,121991.43,5e-05,6.0995715,2025-08-11 07:25:34.038,False,True
5146891402,121991.43,5e-05,6.0995715,2025-08-11 07:25:34.038,False,True
5146891403,121991.43,5e-05,6.0995715,2025-08-11 07:25:34.038,False,True
5146891404,121991.43,5e-05,6.0995715,2025-08-11 07:25:34.038,False,True
5146891405,121991.43,5e-05,6.0995715,2025-08-11 07:25:34.038,False,True
5146891406,121991.43,5e-05,6.0995715,2025-08-11 07:25:34.038,False,True
5146891407,121991.43,5e-05,6.0995715,2025-08-11 07:25:34.038,False,True
5146891408,121991.43,5e-05,6.0995715,2025-08-11 07:25:34.038,False,True
5146891409,121991.43,5e-05,6.0995715,2025-08-11 07:25:34.038,False,True
5146891410,121991.43,5e-05,6.0995715,2025-08-11 07:25:34.038,False,True
5146891411,121991.43,5e-05,6.0995715,2025-08-11 07:25:34.038,False,True
5146891412,121991.43,0.0001,12.199143,2025-08-11 07:25:34.038,False,True
5146891413,121991.43,5e-05,6.0995715,2025-08-11 07:25:34.038,False,True
5146891414,121991.43,0.0001,12.199143,2025-08-11 07:25:34.038,False,True
5146891415,121991.43,5e-05,6.0995715,2025-08-11 07:25:34.038,False,True
5146891416,121991.43,0.0001,12.199143,2025-08-11 07:25:34.038,False,True
5146891417,121991.43,5e-05,6.0995715,2025-08-11 07:25:34.038,False,True
5146891418,121991.43,5e-05,6.0995715,2025-08-11 07:25:34.038,False,True
5146891419,121991.43,5e-05,6.0995715,2025-08-11 07:25:34.038,False,True
5146891420,121991.43,0.0001,12.199143,2025-08-11 07:25:34.038,False,True
5146891421,121991.43,0.00607,740.4879801,2025-08-11 07:25:34.038,False,True
5146891422,121991.43,0.00645,786.8447235,2025-08-11 07:25:34.038,False,True
5146891423,121991.43,5e-05,6.0995715,2025-08-11 07:25:34.038,False,True
5146891424,121991.43,5e-05,6.0995715,2025-08-11 07:25:34.038,False,True
5146891425,121991.43,5e-05,6.0995715,2025-08-11 07:25:34.038,False,True
5146891426,121991.43,5e-05,6.0995715,2025-08-11 07:25:34.038,False,True
5146891427,121991.43,0.00335,408.6712905,2025-08-11 07:25:34.038,False,True
5146891428,121991.43,0.00187,228.1239741,2025-08-11 07:25:34.038,False,True
5146891429,121991.43,5e-05,6.0995715,2025-08-11 07:25:34.038,False,True
5146891430,121991.43,5e-05,6.0995715,2025-08-11 07:25:34.038,False,True
5146891431,121991.43,5e-05,6.0995715,2025-08-11 07:25:34.038,False,True
5146891432,121991.43,5e-05,6.0995715,2025-08-11 07:25:34.038,False,True
5146891433,121991.43,5e-05,6.0995715,2025-08-11 07:25:34.038,False,True
5146891434,121991.43,5e-05,6.0995715,2025-08-11 07:25:34.038,False,True
5146891435,121991.43,5e-05,6.0995715,2025-08-11 07:25:34.038,False,True
5146891436,121991.43,5e-05,6.0995715,2025-08-11 07:25:34.038,False,True
5146891437,121991.43,5e-05,6.0995715,2025-08-11 07:25:34.038,False,True
5146891438,121991.43,5e-05,6.0995715,2025-08-11 07:25:34.038,False,True
5146891439,121991.44,5e-05,6.099572,2025-08-11 07:25:34.038,False,True
5146891440,121991.44,5e-05,6.099572,2025-08-11 07:25:34.038,False,True
5146891441,121991.44,0.00853,1040.5869832,2025-08-11 07:25:34.038,False,True
5146891442,121991.44,0.011,1341.90584,2025-08-11 07:25:34.039,False,True
5146891443,121991.44,0.011,1341.90584,2025-08-11 07:25:34.039,False,True
5146891444,121991.44,0.01045,1274.810548,2025-08-11 07:25:34.039,False,True
5146891445,121991.44,5e-05,6.099572,2025-08-11 07:25:34.039,False,True
5146891446,121991.44,5e-05,6.099572,2025-08-11 07:25:34.039,False,True
5146891447,121991.44,0.0001,12.199144,2025-08-11 07:25:34.039,False,True
5146891448,121991.44,5e-05,6.099572,2025-08-11 07:25:34.039,False,True
5146891449,121991.44,5e-05,6.099572,2025-08-11 07:25:34.039,False,True
5146891450,121991.44,5e-05,6.099572,2025-08-11 07:25:34.039,False,True
5146891451,121991.44,5e-05,6.099572,2025-08-11 07:25:34.039,False,True
5146891452,121991.44,5e-05,6.099572,2025-08-11 07:25:34.039,False,True
5146891453,121991.44,5e-05,6.099572,2025-08-11 07:25:34.039,False,True
5146891454,121991.44,5e-05,6.099572,2025-08-11 07:25:34.039,False,True
5146891455,121991.44,5e-05,6.099572,2025-08-11 07:25:34.039,False,True
5146891456,121991.44,5e-05,6.099572,2025-08-11 07:25:34.039,False,True
5146891457,121991.44,5e-05,6.099572,2025-08-11 07:25:34.039,False,True
5146891458,121991.44,5e-05,6.099572,2025-08-11 07:25:34.039,False,True
5146891459,121991.44,5e-05,6.099572,2025-08-11 07:25:34.039,False,True
5146891460,121991.61,5e-05,6.0995805,2025-08-11 07:25:34.039,False,True
5146891461,121991.61,5e-05,6.0995805,2025-08-11 07:25:34.039,False,True
5146891462,121991.61,5e-05,6.0995805,2025-08-11 07:25:34.039,False,True
5146891463,121991.61,5e-05,6.0995805,2025-08-11 07:25:34.039,False,True
5146891464,121991.61,5e-05,6.0995805,2025-08-11 07:25:34.039,False,True
5146891465,121991.61,5e-05,6.0995805,2025-08-11 07:25:34.039,False,True
5146891466,121991.62,0.01045,1274.812429,2025-08-11 07:25:34.039,False,True
5146891467,121991.62,0.011,1341.90782,2025-08-11 07:25:34.039,False,True
5146891468,121991.62,0.00315,384.273603,2025-08-11 07:25:34.040,False,True
5146891469,121991.62,5e-05,6.099581,2025-08-11 07:25:34.040,False,True
5146891470,121991.62,5e-05,6.099581,2025-08-11 07:25:34.040,False,True
5146891471,121991.62,0.0001,12.199162,2025-08-11 07:25:34.040,False,True
5146891472,121992.0,0.002,243.984,2025-08-11 07:25:34.043,False,True
5146891473,121992.0,0.0004,48.7968,2025-08-11 07:25:34.043,False,True
5146891474,121992.0,0.0001,12.1992,2025-08-11 07:25:34.043,False,True
5146891475,121992.0,0.0001,12.1992,2025-08-11 07:25:34.043,False,True
5146891476,121992.58,5e-05,6.099629,2025-08-11 07:25:34.043,False,True
5146891477,121992.78,0.00765,933.244767,2025-08-11 07:25:34.047,False,True
5146891478,121992.78,0.011,1341.92058,2025-08-11 07:25:34.048,False,True
5146891479,121992.78,0.00594,724.6371132,2025-08-11 07:25:34.048,False,True
5146891480,121992.78,5e-05,6.099639,2025-08-11 07:25:34.048,False,True
5146891481,121992.78,5e-05,6.099639,2025-08-11 07:25:34.048,False,True
5146891482,121992.78,0.0001,12.199278,2025-08-11 07:25:34.048,False,True
5146891483,121992.78,0.0001,12.199278,2025-08-11 07:25:34.048,False,True
5146891484,121992.78,0.0001,12.199278,2025-08-11 07:25:34.048,False,True
5146891485,121992.78,0.0001,12.199278,2025-08-11 07:25:34.048,False,True
5146891486,121992.78,5e-05,6.099639,2025-08-11 07:25:34.048,False,True
5146891487,121992.78,5e-05,6.099639,2025-08-11 07:25:34.048,False,True
5146891488,121992.78,5e-05,6.099639,2025-08-11 07:25:34.048,False,True
5146891489,121992.78,5e-05,6.099639,2025-08-11 07:25:34.048,False,True
5146891490,121992.78,5e-05,6.099639,2025-08-11 07:25:34.048,False,True
5146891491,121992.78,5e-05,6.099639,2025-08-11 07:25:34.048,False,True
5146891492,121992.78,5e-05,6.099639,2025-08-11 07:25:34.048,False,True
5146891493,121992.78,5e-05,6.099639,2025-08-11 07:25:34.048,False,True
5146891494,121992.78,5e-05,6.099639,2025-08-11 07:25:34.048,False,True
5146891495,121992.78,5e-05,6.099639,2025-08-11 07:25:34.048,False,True
5146891496,121992.78,5e-05,6.099639,2025-08-11 07:25:34.048,False,True
5146891497,121992.78,5e-05,6.099639,2025-08-11 07:25:34.048,False,True
5146891498,121992.78,5e-05,6.099639,2025-08-11 07:25:34.048,False,True
5146891499,121992.78,5e-05,6.099639,2025-08-11 07:25:34.048,False,True
5146891500,121992.78,5e-05,6.099639,2025-08-11 07:25:34.048,False,True
5146891501,121992.78,5e-05,6.099639,2025-08-11 07:25:34.048,False,True
5146891502,121992.79,0.0001,12.199279,2025-08-11 07:25:34.048,False,True
5146891503,121992.79,5e-05,6.0996395,2025-08-11 07:25:34.048,False,True
5146891504,121992.79,5e-05,6.0996395,2025-08-11 07:25:34.048,False,True
5146891505,121992.79,5e-05,6.0996395,2025-08-11 07:25:34.048,False,True
5146891506,121992.79,5e-05,6.0996395,2025-08-11 07:25:34.048,False,True
5146891507,121992.79,5e-05,6.0996395,2025-08-11 07:25:34.048,False,True
5146891508,121992.79,5e-05,6.0996395,2025-08-11 07:25:34.048,False,True
5146891509,121992.79,5e-05,6.0996395,2025-08-11 07:25:34.048,False,True
5146891510,121992.79,5e-05,6.0996395,2025-08-11 07:25:34.048,False,True
5146891511,121992.79,5e-05,6.0996395,2025-08-11 07:25:34.048,False,True
5146891512,121992.85,5e-05,6.0996425,2025-08-11 07:25:34.048,False,True
5146891513,121992.85,0.00026,31.718141,2025-08-11 07:25:34.048,False,True
5146891514,121993.8,7e-05,8.539566,2025-08-11 07:25:34.048,False,True
5146891515,121993.8,5e-05,6.09969,2025-08-11 07:25:34.048,False,True
5146891516,121995.13,5e-05,6.0997565,2025-08-11 07:25:34.048,False,True
5146891517,121995.13,5e-05,6.0997565,2025-08-11 07:25:34.048,False,True
5146891518,121995.13,5e-05,6.0997565,2025-08-11 07:25:34.048,False,True
5146891519,121995.14,0.00263,320.8472182,2025-08-11 07:25:34.048,False,True
5146891520,121995.14,0.011,1341.94654,2025-08-11 07:25:34.050,False,True
5146891521,121995.13,0.00439,535.5586207,2025-08-11 07:25:34.295,True,True
5146891522,121995.13,0.00483,589.2364779,2025-08-11 07:25:34.415,True,True
5146891523,121995.13,0.00484,590.4564292,2025-08-11 07:25:34.536,True,True
5146891524,121995.14,5e-05,6.099757,2025-08-11 07:25:34.839,False,True
5146891525,121995.14,5e-05,6.099757,2025-08-11 07:25:34.839,False,True
5146891526,121995.14,5e-05,6.099757,2025-08-11 07:25:34.839,False,True
5146891527,121995.14,5e-05,6.099757,2025-08-11 07:25:34.839,False,True
5146891528,121995.14,5e-05,6.099757,2025-08-11 07:25:34.839,False,True
5146891529,121995.14,5e-05,6.099757,2025-08-11 07:25:34.839,False,True
5146891530,121995.14,0.00652,795.4083128,2025-08-11 07:25:34.839,False,True
5146891531,121995.13,0.02509,3060.8578117,2025-08-11 07:25:34.963,True,True
5146891532,121995.13,0.02,2439.9026,2025-08-11 07:25:35.626,True,True
5146891533,121995.13,0.00054,65.8773702,2025-08-11 07:25:35.642,True,True
5146891534,121995.14,5e-05,6.099757,2025-08-11 07:25:36.432,False,True
5146891535,121995.14,5e-05,6.099757,2025-08-11 07:25:36.432,False,True
5146891536,121995.14,5e-05,6.099757,2025-08-11 07:25:36.432,False,True
5146891537,121995.14,5e-05,6.099757,2025-08-11 07:25:36.432,False,True
5146891538,121995.14,0.0001,12.199514,2025-08-11 07:25:36.432,False,True
5146891539,121995.14,5e-05,6.099757,2025-08-11 07:25:36.432,False,True
5146891540,121995.14,5e-05,6.099757,2025-08-11 07:25:36.432,False,True
5146891541,121995.13,0.0025,304.987825,2025-08-11 07:25:36.572,True,True
5146891542,121995.13,0.0005,60.997565,2025-08-11 07:25:36.758,True,True
5146891543,121995.13,6e-05,7.3197078,2025-08-11 07:25:37.029,True,True
5146891544,121995.14,0.001,121.99514,2025-08-11 07:25:37.151,False,True
5146891545,121995.14,0.00201,245.2102314,2025-08-11 07:25:37.210,False,True
5146891546,121995.14,0.00106,129.3148484,2025-08-11 07:25:37.218,False,True
5146891547,121995.14,0.001,121.99514,2025-08-11 07:25:37.345,False,True
5146891548,121995.14,0.001,121.99514,2025-08-11 07:25:37.373,False,True
5146891549,121995.14,0.00378,461.1416292,2025-08-11 07:25:37.578,False,True
5146891550,121995.14,0.00022,26.8389308,2025-08-11 07:25:37.578,False,True
5146891551,121995.13,0.00067,81.7367371,2025-08-11 07:25:38.651,True,True
5146891552,121995.13,0.00112,136.6345456,2025-08-11 07:25:39.020,True,True
5146891553,121995.14,0.00088,107.3557232,2025-08-11 07:25:39.420,False,True
5146891554,121995.14,0.00712,868.6053968,2025-08-11 07:25:39.420,False,True
5146891555,121995.13,0.00357,435.5226141,2025-08-11 07:25:39.617,True,True
5146891556,121995.13,7e-05,8.5396591,2025-08-11 07:25:39.675,True,True
5146891557,121995.13,0.00034,41.4783442,2025-08-11 07:25:39.818,True,True
5146891558,121995.13,0.00059,71.9771267,2025-08-11 07:25:40.000,True,True
5146891559,121995.14,0.00033,40.2583962,2025-08-11 07:25:40.092,False,True
5146891560,121995.14,0.00027,32.9386878,2025-08-11 07:25:40.474,False,True
5146891561,121995.13,0.00388,473.3411044,2025-08-11 07:25:40.734,True,True
5146891562,121995.13,0.0126,1537.138638,2025-08-11 07:25:41.071,True,True
5146891563,121995.13,0.00021,25.6189773,2025-08-11 07:25:41.076,True,True
5146891564,121995.14,8e-05,9.7596112,2025-08-11 07:25:41.991,False,True
5146891565,121995.14,0.011,1341.94654,2025-08-11 07:25:42.365,False,True
5146891566,121995.14,0.00579,706.3518606,2025-08-11 07:25:42.365,False,True
5146891567,121995.14,0.00521,635.5946794,2025-08-11 07:25:42.365,False,True
5146891568,121995.14,0.00105,128.094897,2025-08-11 07:25:42.365,False,True
5146891569,121995.14,0.00995,1213.851643,2025-08-11 07:25:42.365,False,True
5146891570,121995.14,0.011,1341.94654,2025-08-11 07:25:42.366,False,True
5146891571,121995.14,0.011,1341.94654,2025-08-11 07:25:42.367,False,True
5146891572,121995.13,0.00134,163.4734742,2025-08-11 07:25:42.368,True,True
5146891573,121995.14,5e-05,6.099757,2025-08-11 07:25:42.417,False,True
5146891574,121995.14,0.011,1341.94654,2025-08-11 07:25:42.619,False,True
5146891575,121995.14,0.011,1341.94654,2025-08-11 07:25:42.619,False,True
5146891576,121995.14,0.00254,309.8676556,2025-08-11 07:25:42.619,False,True
5146891577,121995.14,0.00846,1032.0788844,2025-08-11 07:25:42.619,False,True
5146891578,121995.14,0.00141,172.0131474,2025-08-11 07:25:42.619,False,True
5146891579,121995.14,5e-05,6.099757,2025-08-11 07:25:42.619,False,True
5146891580,121995.14,0.00954,1163.8336356,2025-08-11 07:25:42.619,False,True
5146891581,121995.14,0.011,1341.94654,2025-08-11 07:25:42.619,False,True
5146891582,121995.14,0.011,1341.94654,2025-08-11 07:25:42.619,False,True
5146891583,121995.14,0.011,1341.94654,2025-08-11 07:25:42.619,False,True
5146891584,121995.14,0.00766,934.4827724,2025-08-11 07:25:42.619,False,True
5146891585,121995.14,5e-05,6.099757,2025-08-11 07:25:42.619,False,True
5146891586,121995.14,0.00259,315.9674126,2025-08-11 07:25:42.619,False,True
5146891587,121995.14,0.00018,21.9591252,2025-08-11 07:25:42.619,False,True
5146891588,121995.14,5e-05,6.099757,2025-08-11 07:25:42.619,False,True
5146891589,121995.14,5e-05,6.099757,2025-08-11 07:25:42.619,False,True
5146891590,121995.14,5e-05,6.099757,2025-08-11 07:25:42.619,False,True
5146891591,121995.14,5e-05,6.099757,2025-08-11 07:25:42.619,False,True
5146891592,121995.14,5e-05,6.099757,2025-08-11 07:25:42.619,False,True
5146891593,121995.14,5e-05,6.099757,2025-08-11 07:25:42.619,False,True
5146891594,121995.14,5e-05,6.099757,2025-08-11 07:25:42.619,False,True
5146891595,121995.14,5e-05,6.099757,2025-08-11 07:25:42.619,False,True
5146891596,121995.14,5e-05,6.099757,2025-08-11 07:25:42.619,False,True
5146891597,121995.14,5e-05,6.099757,2025-08-11 07:25:42.619,False,True
5146891598,121995.14,2e-05,2.4399028,2025-08-11 07:25:42.619,False,True
5146891599,121995.14,3e-05,3.6598542,2025-08-11 07:25:42.620,False,True
5146891600,121995.14,5e-05,6.099757,2025-08-11 07:25:42.620,False,True
5146891601,121995.14,5e-05,6.099757,2025-08-11 07:25:42.620,False,True
5146891602,121995.14,5e-05,6.099757,2025-08-11 07:25:42.620,False,True
5146891603,121995.14,5e-05,6.099757,2025-08-11 07:25:42.620,False,True
5146891604,121995.14,5e-05,6.099757,2025-08-11 07:25:42.620,False,True
5146891605,121995.14,5e-05,6.099757,2025-08-11 07:25:42.620,False,True
5146891606,121995.14,5e-05,6.099757,2025-08-11 07:25:42.620,False,True
5146891607,121995.14,5e-05,6.099757,2025-08-11 07:25:42.620,False,True
5146891608,121995.14,0.01057,1289.4886298,2025-08-11 07:25:42.620,False,True
5146891609,121995.14,0.01402,1710.3718628,2025-08-11 07:25:42.622,False,True
5146891610,121995.14,5e-05,6.099757,2025-08-11 07:25:42.622,False,True
5146891611,121995.14,5e-05,6.099757,2025-08-11 07:25:42.622,False,True
5146891612,121995.14,0.0001,12.199514,2025-08-11 07:25:42.622,False,True
5146891613,121995.14,5e-05,6.099757,2025-08-11 07:25:42.622,False,True
5146891614,121995.14,0.0001,12.199514,2025-08-11 07:25:42.622,False,True
5146891615,121995.14,5e-05,6.099757,2025-08-11 07:25:42.622,False,True
5146891616,121995.14,5e-05,6.099757,2025-08-11 07:25:42.622,False,True
5146891617,121995.14,5e-05,6.099757,2025-08-11 07:25:42.622,False,True
5146891618,121995.14,5e-05,6.099757,2025-08-11 07:25:42.622,False,True
5146891619,121995.14,0.0001,12.199514,2025-08-11 07:25:42.622,False,True
5146891620,121995.14,5e-05,6.099757,2025-08-11 07:25:42.622,False,True
5146891621,121995.14,5e-05,6.099757,2025-08-11 07:25:42.622,False,True
5146891622,121995.14,0.0001,12.199514,2025-08-11 07:25:42.622,False,True
5146891623,121995.14,5e-05,6.099757,2025-08-11 07:25:42.622,False,True
5146891624,121995.14,5e-05,6.099757,2025-08-11 07:25:42.622,False,True
5146891625,121995.14,5e-05,6.099757,2025-08-11 07:25:42.622,False,True
5146891626,121995.14,5e-05,6.099757,2025-08-11 07:25:42.622,False,True
5146891627,121995.14,5e-05,6.099757,2025-08-11 07:25:42.622,False,True
5146891628,121995.15,5e-05,6.0997575,2025-08-11 07:25:42.622,False,True
5146891629,121995.15,5e-05,6.0997575,2025-08-11 07:25:42.622,False,True
5146891630,121995.15,0.0001,12.199515,2025-08-11 07:25:42.622,False,True
5146891631,121995.15,5e-05,6.0997575,2025-08-11 07:25:42.622,False,True
5146891632,121995.44,0.0077,939.364888,2025-08-11 07:25:42.624,False,True
5146891633,121995.44,0.01279,1560.3216776,2025-08-11 07:25:42.630,False,True
5146891634,121995.44,0.0001,12.199544,2025-08-11 07:25:42.630,False,True
5146891635,121995.44,5e-05,6.099772,2025-08-11 07:25:42.630,False,True
5146891636,121995.44,5e-05,6.099772,2025-08-11 07:25:42.630,False,True
5146891637,121995.44,0.0001,12.199544,2025-08-11 07:25:42.630,False,True
5146891638,121995.44,5e-05,6.099772,2025-08-11 07:25:42.630,False,True
5146891639,121995.44,5e-05,6.099772,2025-08-11 07:25:42.630,False,True
5146891640,121995.44,5e-05,6.099772,2025-08-11 07:25:42.630,False,True
5146891641,121995.44,5e-05,6.099772,2025-08-11 07:25:42.630,False,True
5146891642,121995.44,5e-05,6.099772,2025-08-11 07:25:42.630,False,True
5146891643,121995.44,5e-05,6.099772,2025-08-11 07:25:42.630,False,True
5146891644,121995.44,5e-05,6.099772,2025-08-11 07:25:42.630,False,True
5146891645,121995.44,0.0001,12.199544,2025-08-11 07:25:42.630,False,True
5146891646,121995.44,5e-05,6.099772,2025-08-11 07:25:42.630,False,True
5146891647,121995.44,5e-05,6.099772,2025-08-11 07:25:42.630,False,True
5146891648,121995.44,5e-05,6.099772,2025-08-11 07:25:42.630,False,True
5146891649,121995.44,5e-05,6.099772,2025-08-11 07:25:42.630,False,True
5146891650,121995.44,5e-05,6.099772,2025-08-11 07:25:42.630,False,True
5146891651,121995.44,5e-05,6.099772,2025-08-11 07:25:42.630,False,True
5146891652,121995.44,5e-05,6.099772,2025-08-11 07:25:42.630,False,True
5146891653,121995.44,5e-05,6.099772,2025-08-11 07:25:42.630,False,True
5146891654,121995.44,5e-05,6.099772,2025-08-11 07:25:42.630,False,True
5146891655,121995.44,5e-05,6.099772,2025-08-11 07:25:42.630,False,True
5146891656,121995.44,5e-05,6.099772,2025-08-11 07:25:42.630,False,True
5146891657,121995.44,5e-05,6.099772,2025-08-11 07:25:42.630,False,True
5146891658,121995.44,0.0001,12.199544,2025-08-11 07:25:42.630,False,True
5146891659,121995.44,5e-05,6.099772,2025-08-11 07:25:42.630,False,True
5146891660,121995.44,5e-05,6.099772,2025-08-11 07:25:42.630,False,True
5146891661,121995.45,5e-05,6.0997725,2025-08-11 07:25:42.630,False,True
5146891662,121995.45,5e-05,6.0997725,2025-08-11 07:25:42.630,False,True
5146891663,121995.45,5e-05,6.0997725,2025-08-11 07:25:42.630,False,True
5146891664,121995.45,5e-05,6.0997725,2025-08-11 07:25:42.630,False,True
5146891665,121995.45,5e-05,6.0997725,2025-08-11 07:25:42.630,False,True
5146891666,121995.45,5e-05,6.0997725,2025-08-11 07:25:42.630,False,True
5146891667,121995.45,5e-05,6.0997725,2025-08-11 07:25:42.630,False,True
5146891668,121995.45,5e-05,6.0997725,2025-08-11 07:25:42.630,False,True
5146891669,121995.45,5e-05,6.0997725,2025-08-11 07:25:42.630,False,True
5146891670,121995.45,5e-05,6.0997725,2025-08-11 07:25:42.630,False,True
5146891671,121996.0,0.002,243.992,2025-08-11 07:25:42.630,False,True
5146891672,121996.0,0.0004,48.7984,2025-08-11 07:25:42.630,False,True
5146891673,121996.0,0.0001,12.1996,2025-08-11 07:25:42.630,False,True
5146891674,121996.25,5e-05,6.0998125,2025-08-11 07:25:42.630,False,True
5146891675,121996.62,0.00695,847.876509,2025-08-11 07:25:42.630,False,True
5146891676,121996.62,0.011,1341.96282,2025-08-11 07:25:42.632,False,True
5146891677,121996.62,5e-05,6.099831,2025-08-11 07:25:42.637,False,True
5146891678,121996.62,5e-05,6.099831,2025-08-11 07:25:42.637,False,True
5146891679,121996.62,5e-05,6.099831,2025-08-11 07:25:42.637,False,True
5146891680,121996.62,5e-05,6.099831,2025-08-11 07:25:42.637,False,True
5146891681,121996.62,5e-05,6.099831,2025-08-11 07:25:42.637,False,True
5146891682,121996.62,5e-05,6.099831,2025-08-11 07:25:42.637,False,True
5146891683,121996.62,5e-05,6.099831,2025-08-11 07:25:42.637,False,True
5146891684,121996.62,5e-05,6.099831,2025-08-11 07:25:42.637,False,True
5146891685,121996.62,5e-05,6.099831,2025-08-11 07:25:42.637,False,True
5146891686,121996.62,5e-05,6.099831,2025-08-11 07:25:42.637,False,True
5146891687,121996.62,0.0001,12.199662,2025-08-11 07:25:42.637,False,True
5146891688,121996.62,0.0001,12.199662,2025-08-11 07:25:42.637,False,True
5146891689,121996.62,0.0001,12.199662,2025-08-11 07:25:42.637,False,True
5146891690,121996.62,0.0001,12.199662,2025-08-11 07:25:42.637,False,True
5146891691,121996.62,5e-05,6.099831,2025-08-11 07:25:42.637,False,True
5146891692,121996.62,5e-05,6.099831,2025-08-11 07:25:42.637,False,True
5146891693,121996.62,5e-05,6.099831,2025-08-11 07:25:42.637,False,True
5146891694,121996.62,5e-05,6.099831,2025-08-11 07:25:42.637,False,True
5146891695,121996.62,5e-05,6.099831,2025-08-11 07:25:42.637,False,True
5146891696,121996.62,5e-05,6.099831,2025-08-11 07:25:42.637,False,True
5146891697,121996.62,5e-05,6.099831,2025-08-11 07:25:42.637,False,True
5146891698,121996.62,5e-05,6.099831,2025-08-11 07:25:42.637,False,True
5146891699,121996.63,5e-05,6.0998315,2025-08-11 07:25:42.637,False,True
5146891700,121996.63,5e-05,6.0998315,2025-08-11 07:25:42.637,False,True
5146891701,121996.63,5e-05,6.0998315,2025-08-11 07:25:42.637,False,True
5146891702,121996.63,5e-05,6.0998315,2025-08-11 07:25:42.637,False,True
5146891703,121996.63,5e-05,6.0998315,2025-08-11 07:25:42.637,False,True
5146891704,121996.63,5e-05,6.0998315,2025-08-11 07:25:42.637,False,True
5146891705,121996.63,5e-05,6.0998315,2025-08-11 07:25:42.637,False,True
5146891706,121996.63,5e-05,6.0998315,2025-08-11 07:25:42.637,False,True
5146891707,121996.63,5e-05,6.0998315,2025-08-11 07:25:42.637,False,True
5146891708,121996.63,5e-05,6.0998315,2025-08-11 07:25:42.637,False,True
5146891709,121996.63,0.0001,12.199663,2025-08-11 07:25:42.637,False,True
5146891710,121997.01,0.001,121.99701,2025-08-11 07:25:42.637,False,True
5146891711,121997.01,5e-05,6.0998505,2025-08-11 07:25:42.637,False,True
5146891712,121997.01,5e-05,6.0998505,2025-08-11 07:25:42.637,False,True
5146891713,121997.01,5e-05,6.0998505,2025-08-11 07:25:42.637,False,True
5146891714,121997.47,5e-05,6.0998735,2025-08-11 07:25:42.637,False,True
5146891715,121997.52,5e-05,6.099876,2025-08-11 07:25:42.637,False,True
5146891716,121998.86,5e-05,6.099943,2025-08-11 07:25:42.637,False,True
5146891717,121998.86,5e-05,6.099943,2025-08-11 07:25:42.637,False,True
5146891718,121998.86,5e-05,6.099943,2025-08-11 07:25:42.637,False,True
5146891719,121998.87,0.0077,939.391299,2025-08-11 07:25:42.637,False,True
5146891720,121998.87,0.01279,1560.3655473,2025-08-11 07:25:42.641,False,True
5146891721,121998.87,5e-05,6.0999435,2025-08-11 07:25:42.641,False,True
5146891722,121998.87,5e-05,6.0999435,2025-08-11 07:25:42.641,False,True
5146891723,121998.87,0.0001,12.199887,2025-08-11 07:25:42.641,False,True
5146891724,121998.87,0.0001,12.199887,2025-08-11 07:25:42.641,False,True
5146891725,121998.87,0.0001,12.199887,2025-08-11 07:25:42.641,False,True
5146891726,121998.87,5e-05,6.0999435,2025-08-11 07:25:42.641,False,True
5146891727,121998.87,5e-05,6.0999435,2025-08-11 07:25:42.641,False,True
5146891728,121998.87,5e-05,6.0999435,2025-08-11 07:25:42.641,False,True
5146891729,121998.87,5e-05,6.0999435,2025-08-11 07:25:42.641,False,True
5146891730,121998.87,5e-05,6.0999435,2025-08-11 07:25:42.641,False,True
5146891731,121998.87,5e-05,6.0999435,2025-08-11 07:25:42.641,False,True
5146891732,121998.87,5e-05,6.0999435,2025-08-11 07:25:42.641,False,True
5146891733,121998.87,5e-05,6.0999435,2025-08-11 07:25:42.641,False,True
5146891734,121998.87,5e-05,6.0999435,2025-08-11 07:25:42.641,False,True
5146891735,121998.87,5e-05,6.0999435,2025-08-11 07:25:42.641,False,True
5146891736,121998.87,5e-05,6.0999435,2025-08-11 07:25:42.641,False,True
5146891737,121998.87,5e-05,6.0999435,2025-08-11 07:25:42.641,False,True
5146891738,121998.87,5e-05,6.0999435,2025-08-11 07:25:42.641,False,True
5146891739,121998.87,5e-05,6.0999435,2025-08-11 07:25:42.641,False,True
5146891740,121998.87,5e-05,6.0999435,2025-08-11 07:25:42.641,False,True
5146891741,121998.87,5e-05,6.0999435,2025-08-11 07:25:42.641,False,True
5146891742,121998.87,5e-05,6.0999435,2025-08-11 07:25:42.641,False,True
5146891743,121998.87,5e-05,6.0999435,2025-08-11 07:25:42.641,False,True
5146891744,121998.87,5e-05,6.0999435,2025-08-11 07:25:42.641,False,True
5146891745,121998.87,5e-05,6.0999435,2025-08-11 07:25:42.641,False,True
5146891746,121998.87,5e-05,6.0999435,2025-08-11 07:25:42.641,False,True
5146891747,121998.88,0.0001,12.199888,2025-08-11 07:25:42.641,False,True
5146891748,121998.88,5e-05,6.099944,2025-08-11 07:25:42.641,False,True
5146891749,121998.88,5e-05,6.099944,2025-08-11 07:25:42.641,False,True
5146891750,121998.88,5e-05,6.099944,2025-08-11 07:25:42.641,False,True
5146891751,121998.88,5e-05,6.099944,2025-08-11 07:25:42.641,False,True
5146891752,121998.88,5e-05,6.099944,2025-08-11 07:25:42.641,False,True
5146891753,121998.88,5e-05,6.099944,2025-08-11 07:25:42.641,False,True
5146891754,121998.88,5e-05,6.099944,2025-08-11 07:25:42.641,False,True
5146891755,121998.88,5e-05,6.099944,2025-08-11 07:25:42.641,False,True
5146891756,121998.88,5e-05,6.099944,2025-08-11 07:25:42.641,False,True
5146891757,121998.88,5e-05,6.099944,2025-08-11 07:25:42.641,False,True
5146891758,121999.08,5e-05,6.099954,2025-08-11 07:25:42.641,False,True
5146891759,121999.08,5e-05,6.099954,2025-08-11 07:25:42.641,False,True
5146891760,121999.08,5e-05,6.099954,2025-08-11 07:25:42.641,False,True
5146891761,121999.99,5e-05,6.0999995,2025-08-11 07:25:42.641,False,True
5146891762,121999.99,5e-05,6.0999995,2025-08-11 07:25:42.641,False,True
5146891763,121999.99,5e-05,6.0999995,2025-08-11 07:25:42.641,False,True
5146891764,122000.0,5e-05,6.1,2025-08-11 07:25:42.657,False,True
5146891765,122000.0,0.002,244.0,2025-08-11 07:25:42.657,False,True
5146891766,122000.0,0.0004,48.8,2025-08-11 07:25:42.657,False,True
5146891767,122000.0,0.00109,132.98,2025-08-11 07:25:42.657,False,True
5146891768,122000.0,0.00015,18.3,2025-08-11 07:25:42.657,False,True
5146891769,122000.0,0.001,122.0,2025-08-11 07:25:42.657,False,True
5146891770,122000.0,0.13743,16766.46,2025-08-11 07:25:42.657,False,True
5146891771,122000.0,0.00069,84.18,2025-08-11 07:25:42.657,False,True
5146891772,122000.0,7e-05,8.54,2025-08-11 07:25:42.657,False,True
5146891773,122000.0,0.00409,498.98,2025-08-11 07:25:42.657,False,True
5146891774,122000.0,0.00081,98.82,2025-08-11 07:25:42.657,False,True
5146891775,122000.0,0.00163,198.86,2025-08-11 07:25:42.657,False,True
5146891776,122000.0,9e-05,10.98,2025-08-11 07:25:42.657,False,True
5146891777,122000.0,0.0003,36.6,2025-08-11 07:25:42.657,False,True
5146891778,122000.0,0.04685,5715.7,2025-08-11 07:25:42.657,False,True
5146891779,122000.0,5e-05,6.1,2025-08-11 07:25:42.657,False,True
5146891780,122000.0,5e-05,6.1,2025-08-11 07:25:42.657,False,True
5146891781,122000.0,5e-05,6.1,2025-08-11 07:25:42.657,False,True
5146891782,122000.0,5e-05,6.1,2025-08-11 07:25:42.657,False,True
5146891783,122000.0,5e-05,6.1,2025-08-11 07:25:42.657,False,True
5146891784,122000.0,5e-05,6.1,2025-08-11 07:25:42.657,False,True
5146891785,122000.0,5e-05,6.1,2025-08-11 07:25:42.657,False,True
5146891786,122000.0,5e-05,6.1,2025-08-11 07:25:42.657,False,True
5146891787,122000.0,5e-05,6.1,2025-08-11 07:25:42.657,False,True
5146891788,122000.0,5e-05,6.1,2025-08-11 07:25:42.657,False,True
5146891789,122000.0,5e-05,6.1,2025-08-11 07:25:42.657,False,True
5146891790,122000.0,5e-05,6.1,2025-08-11 07:25:42.657,False,True
5146891791,122000.0,5e-05,6.1,2025-08-11 07:25:42.657,False,True
5146891792,122000.0,5e-05,6.1,2025-08-11 07:25:42.657,False,True
5146891793,122000.0,5e-05,6.1,2025-08-11 07:25:42.657,False,True
5146891794,122000.0,5e-05,6.1,2025-08-11 07:25:42.657,False,True
5146891795,122000.0,5e-05,6.1,2025-08-11 07:25:42.657,False,True
5146891796,122000.0,5e-05,6.1,2025-08-11 07:25:42.657,False,True
5146891797,122000.0,5e-05,6.1,2025-08-11 07:25:42.657,False,True
5146891798,122000.0,5e-05,6.1,2025-08-11 07:25:42.657,False,True
5146891799,122000.0,5e-05,6.1,2025-08-11 07:25:42.657,False,True
5146891800,122000.0,5e-05,6.1,2025-08-11 07:25:42.657,False,True
5146891801,122000.0,5e-05,6.1,2025-08-11 07:25:42.657,False,True
5146891802,122000.0,5e-05,6.1,2025-08-11 07:25:42.657,False,True
5146891803,122000.0,5e-05,6.1,2025-08-11 07:25:42.657,False,True
5146891804,122000.0,5e-05,6.1,2025-08-11 07:25:42.657,False,True
5146891805,122000.0,5e-05,6.1,2025-08-11 07:25:42.657,False,True
5146891806,122000.0,5e-05,6.1,2025-08-11 07:25:42.657,False,True
5146891807,122000.0,5e-05,6.1,2025-08-11 07:25:42.657,False,True
5146891808,122000.0,5e-05,6.1,2025-08-11 07:25:42.657,False,True
5146891809,122000.0,5e-05,6.1,2025-08-11 07:25:42.657,False,True
5146891810,122000.0,5e-05,6.1,2025-08-11 07:25:42.657,False,True
5146891811,122000.0,5e-05,6.1,2025-08-11 07:25:42.657,False,True
5146891812,122000.01,5e-05,6.1000005,2025-08-11 07:25:42.657,False,True
5146891813,122000.01,5e-05,6.1000005,2025-08-11 07:25:42.657,False,True
5146891814,122000.01,5e-05,6.1000005,2025-08-11 07:25:42.657,False,True
5146891815,122000.01,5e-05,6.1000005,2025-08-11 07:25:42.657,False,True
5146891816,122000.01,5e-05,6.1000005,2025-08-11 07:25:42.657,False,True
5146891817,122000.01,5e-05,6.1000005,2025-08-11 07:25:42.657,False,True
5146891818,122000.01,5e-05,6.1000005,2025-08-11 07:25:42.657,False,True
5146891819,122000.01,5e-05,6.1000005,2025-08-11 07:25:42.657,False,True
5146891820,122000.01,5e-05,6.1000005,2025-08-11 07:25:42.657,False,True
5146891821,122000.01,5e-05,6.1000005,2025-08-11 07:25:42.657,False,True
5146891822,122000.46,9e-05,10.9800414,2025-08-11 07:25:42.657,False,True
5146891823,122000.5,0.00026,31.72013,2025-08-11 07:25:42.657,False,True
5146891824,122000.52,0.00016,19.5200832,2025-08-11 07:25:42.657,False,True
5146891825,122002.98,5e-05,6.100149,2025-08-11 07:25:42.675,False,True
5146891826,122002.98,5e-05,6.100149,2025-08-11 07:25:42.675,False,True
5146891827,122002.98,5e-05,6.100149,2025-08-11 07:25:42.675,False,True
5146891828,122002.98,5e-05,6.100149,2025-08-11 07:25:42.675,False,True
5146891829,122002.98,5e-05,6.100149,2025-08-11 07:25:42.675,False,True
5146891830,122002.98,5e-05,6.100149,2025-08-11 07:25:42.675,False,True
5146891831,122002.98,5e-05,6.100149,2025-08-11 07:25:42.675,False,True
5146891832,122002.98,5e-05,6.100149,2025-08-11 07:25:42.675,False,True
5146891833,122002.98,5e-05,6.100149,2025-08-11 07:25:42.675,False,True
5146891834,122002.98,5e-05,6.100149,2025-08-11 07:25:42.675,False,True
5146891835,122002.98,5e-05,6.100149,2025-08-11 07:25:42.675,False,True
5146891836,122002.98,5e-05,6.100149,2025-08-11 07:25:42.675,False,True
5146891837,122002.98,5e-05,6.100149,2025-08-11 07:25:42.675,False,True
5146891838,122002.98,5e-05,6.100149,2025-08-11 07:25:42.675,False,True
5146891839,122002.98,5e-05,6.100149,2025-08-11 07:25:42.675,False,True
5146891840,122002.98,5e-05,6.100149,2025-08-11 07:25:42.675,False,True
5146891841,122002.98,5e-05,6.100149,2025-08-11 07:25:42.675,False,True
5146891842,122002.98,5e-05,6.100149,2025-08-11 07:25:42.675,False,True
5146891843,122002.98,5e-05,6.100149,2025-08-11 07:25:42.675,False,True
5146891844,122002.98,5e-05,6.100149,2025-08-11 07:25:42.675,False,True
5146891845,122002.98,5e-05,6.100149,2025-08-11 07:25:42.675,False,True
5146891846,122002.98,5e-05,6.100149,2025-08-11 07:25:42.675,False,True
5146891847,122002.98,5e-05,6.100149,2025-08-11 07:25:42.675,False,True
5146891848,122002.98,5e-05,6.100149,2025-08-11 07:25:42.675,False,True
5146891849,122002.98,5e-05,6.100149,2025-08-11 07:25:42.675,False,True
5146891850,122002.98,5e-05,6.100149,2025-08-11 07:25:42.675,False,True
5146891851,122002.99,5e-05,6.1001495,2025-08-11 07:25:42.675,False,True
5146891852,122002.99,5e-05,6.1001495,2025-08-11 07:25:42.675,False,True
5146891853,122002.99,5e-05,6.1001495,2025-08-11 07:25:42.675,False,True
5146891854,122002.99,5e-05,6.1001495,2025-08-11 07:25:42.675,False,True
5146891855,122002.99,5e-05,6.1001495,2025-08-11 07:25:42.675,False,True
5146891856,122002.99,5e-05,6.1001495,2025-08-11 07:25:42.675,False,True
5146891857,122002.99,5e-05,6.1001495,2025-08-11 07:25:42.675,False,True
5146891858,122002.99,5e-05,6.1001495,2025-08-11 07:25:42.675,False,True
5146891859,122002.99,5e-05,6.1001495,2025-08-11 07:25:42.675,False,True
5146891860,122002.99,5e-05,6.1001495,2025-08-11 07:25:42.675,False,True
5146891861,122003.25,0.00041,50.0213325,2025-08-11 07:25:42.675,False,True
5146891862,122003.25,0.00041,50.0213325,2025-08-11 07:25:42.675,False,True
5146891863,122003.78,9e-05,10.9803402,2025-08-11 07:25:42.675,False,True
5146891864,122003.88,5e-05,6.100194,2025-08-11 07:25:42.675,False,True
5146891865,122003.99,0.00179,218.3871421,2025-08-11 07:25:43.677,True,True
5146891866,122003.99,0.00179,218.3871421,2025-08-11 07:25:43.820,True,True
5146891867,122003.99,0.00452,551.4580348,2025-08-11 07:25:43.982,True,True
5146891868,122003.99,0.00727,886.9690073,2025-08-11 07:25:44.010,True,True
5146891869,122003.99,0.00178,217.1671022,2025-08-11 07:25:44.045,True,True
5146891870,122003.99,0.00103,125.6641097,2025-08-11 07:25:44.054,True,True
5146891871,122004.0,0.002,244.008,2025-08-11 07:25:44.110,False,True
5146891872,122004.0,0.0004,48.8016,2025-08-11 07:25:44.110,False,True
5146891873,122004.0,0.00015,18.3006,2025-08-11 07:25:44.110,False,True
5146891874,122004.0,5e-05,6.1002,2025-08-11 07:25:44.110,False,True
5146891875,122004.0,5e-05,6.1002,2025-08-11 07:25:44.110,False,True
5146891876,122004.0,5e-05,6.1002,2025-08-11 07:25:44.110,False,True
5146891877,122004.0,0.0083,1012.6332,2025-08-11 07:25:44.110,False,True
5146891878,122004.0,0.011,1342.044,2025-08-11 07:25:44.110,False,True
5146891879,122004.0,0.011,1342.044,2025-08-11 07:25:44.110,False,True
5146891880,122004.0,0.00249,303.78996,2025-08-11 07:25:44.111,False,True
5146891881,122004.0,0.0001,12.2004,2025-08-11 07:25:44.111,False,True
5146891882,122004.0,5e-05,6.1002,2025-08-11 07:25:44.111,False,True
5146891883,122004.0,0.0001,12.2004,2025-08-11 07:25:44.111,False,True
5146891884,122004.0,5e-05,6.1002,2025-08-11 07:25:44.111,False,True
5146891885,122004.0,5e-05,6.1002,2025-08-11 07:25:44.111,False,True
5146891886,122004.0,5e-05,6.1002,2025-08-11 07:25:44.111,False,True
5146891887,122004.0,0.0001,12.2004,2025-08-11 07:25:44.111,False,True
5146891888,122004.0,0.00801,977.25204,2025-08-11 07:25:44.111,False,True
5146891889,122004.0,0.01,1220.04,2025-08-11 07:25:44.111,False,True
5146891890,122004.0,0.011,1342.044,2025-08-11 07:25:44.111,False,True
5146891891,122004.0,0.011,1342.044,2025-08-11 07:25:44.111,False,True
5146891892,122004.0,0.00097,118.34388,2025-08-11 07:25:44.111,False,True
5146891893,122004.0,0.01003,1223.70012,2025-08-11 07:25:44.111,False,True
5146891894,122004.0,0.011,1342.044,2025-08-11 07:25:44.112,False,True
5146891895,122004.0,0.011,1342.044,2025-08-11 07:25:44.113,False,True
5146891896,122004.0,0.011,1342.044,2025-08-11 07:25:44.113,False,True
5146891897,122003.99,0.00179,218.3871421,2025-08-11 07:25:44.188,True,True
5146891898,122003.99,0.00178,217.1671022,2025-08-11 07:25:44.196,True,True
5146891899,122004.0,0.00082,100.04328,2025-08-11 07:25:44.206,False,True
5146891900,122003.99,0.00275,335.5109725,2025-08-11 07:25:44.658,True,True
